"id","name","gender","age"
1,"John Doe","M",25
2,"Jane Smith","F",30
3,"Alex Johnson","M",22
4,"Emily Davis","F",28
5,"Taylor Brown","T",24
6,"Charlie Williams","M",32
7,"Patricia Garcia","F",35
8,"Jordan Martinez","M",27
9,"Morgan Lee","T",21
10,"Riley Perez","M",29
11,"Avery Taylor","F",31
12,"Dylan Moore","M",34
13,"Casey Wilson","T",26
14,"Bailey Harris","F",25
15,"Cameron Clark","M",28
16,"Harper Lewis","T",33
17,"Elliot Walker","M",29
18,"Quinn Hall","F",22
19,"Rowan Allen","T",30
20,"Logan Young","M",32
21,"Jordan King","M",27
22,"Jesse Wright","F",24
23,"Peyton Scott","T",21
24,"Dakota Adams","M",35
25,"Sydney Nelson","F",28
26,"Hunter Carter","M",23
27,"Kendall Mitchell","T",26
28,"Reagan Perez","F",32
29,"Morgan Roberts","M",31
30,"Sam Taylor","T",24
31,"Drew White","M",29
32,"Kendall Jackson","F",26
33,"Skylar Green","T",23
34,"Liam Moore","M",25
35,"Aiden Nelson","M",30
36,"Morgan Harris","F",28
37,"Taylor Adams","M",27
38,"Sierra Clark","F",32
39,"Carter Wright","M",33
40,"Savannah Walker","F",24
41,"Parker Mitchell","M",35
42,"Jamie King","T",29
43,"Charlie Scott","M",22
44,"London Harris","F",25
45,"Rory Young","T",30
46,"Payton White","M",28
47,"Piper Allen","F",33
48,"Jordan Hill","M",26
49,"Hunter King","M",27
50,"Cameron Perez","T",24
51,"Ryan Mitchell","M",32
52,"Ashlyn Green","F",29
53,"Kai Adams","M",24
54,"Aubrey Nelson","F",21
55,"Jayden Wilson","M",25
56,"Brittany Scott","F",26
57,"Jordan Brown","T",28
58,"Jade Harris","F",34
59,"Bailey Jackson","M",27
60,"Aiden Clark","M",28
61,"Tatum Wright","T",31
62,"Tyler Young","M",32
63,"Brady Taylor","M",24
64,"Lila White","F",30
65,"Riley Harris","M",29
66,"Skyler King","T",33
67,"Sadie Lee","F",27
68,"Willow Davis","F",22
69,"Spencer Green","M",25
70,"Bennett Moore","M",26
71,"Austin Perez","M",31
72,"Jordan Adams","F",28
73,"Emery Wilson","T",24
74,"Dallas Nelson","M",29
75,"Dorian Harris","M",26
76,"Gage Walker","M",32
77,"Sawyer Taylor","M",30
78,"Ellis Brown","M",25
79,"Blair Mitchell","T",23
80,"Devon Green","M",31
81,"Tessa Lee","F",28
82,"Paxton Davis","M",30
83,"River Adams","T",22
84,"Grayson Moore","M",27
85,"Sage Wright","T",24
86,"Brayden Nelson","M",28
87,"Luna Harris","F",29
88,"Freddie King","M",25
89,"Penny White","F",31
90,"Julian Walker","M",27
91,"Eden Brown","T",22
92,"Quinn King","T",24
93,"Aidan Lee","M",26
94,"Harlow Young","F",29
95,"Asher Perez","M",30
96,"Addison Wright","F",28
97,"Morgan White","T",33
98,"Rowan Lee","T",25
99,"Elliot Adams","M",31
100,"Joey Taylor","M",22
101,"Taylor Brown","F",29
102,"Maddox Young","M",27
103,"Eden Clark","T",32
104,"Larkin Perez","M",24
105,"Sloane Harris","F",21
106,"Riley White","M",28
107,"Beckett Green","M",29
108,"Blaise Taylor","M",25
109,"Sawyer Adams","T",24
110,"Blake Harris","M",30
111,"Dylan Wright","M",29
112,"Peyton Lee","M",31
113,"Kayla Moore","F",25
114,"Emory King","M",32
115,"Finley Adams","M",33
116,"Sloan Taylor","M",21
117,"Brielle Harris","F",26
118,"Jase King","M",27
119,"Tobin Walker","T",24
120,"Carter Adams","M",30
121,"Aidan Brown","M",29
